"1.1.1-u-md","[Understanding SC 1.1.1 Non-text Content](https://www.w3.org/WAI/WCAG21/Understanding/non-text-content.html)","1.1.1 Non-text Content - Understanding (Markdown link)"
"1.2.1-u-md","[Understanding SC 1.2.1 Audio-only and Video-only (Prerecorded)](https://www.w3.org/WAI/WCAG21/Understanding/audio-only-and-video-only-prerecorded.html)","1.2.1 Audio-only and Video-only (Prerecorded) - Understanding (Markdown link)"
"1.2.2-u-md","[Understanding SC 1.2.2 Captions (Prerecorded)](https://www.w3.org/WAI/WCAG21/Understanding/captions-prerecorded.html)","1.2.2 Captions (Prerecorded) - Understanding (Markdown link)"
"1.2.3-u-md","[Understanding SC 1.2.3 Audio Description or Media Alternative (Prerecorded)](https://www.w3.org/WAI/WCAG21/Understanding/audio-description-or-media-alternative-prerecorded.html)","1.2.3 Audio Description or Media Alternative (Prerecorded) - Understanding (Markdown link)"
"1.2.4-u-md","[Understanding SC 1.2.4 Captions (Live)](https://www.w3.org/WAI/WCAG21/Understanding/captions-live.html)","1.2.4 Captions (Live) - Understanding (Markdown link)"
"1.2.5-u-md","[Understanding SC 1.2.5 Audio Description (Prerecorded)](https://www.w3.org/WAI/WCAG21/Understanding/audio-description-prerecorded.html)","1.2.5 Audio Description (Prerecorded) - Understanding (Markdown link)"
"1.2.6-u-md","[Understanding SC 1.2.6 Sign Language (Prerecorded)](https://www.w3.org/WAI/WCAG21/Understanding/sign-language-prerecorded.html)","1.2.6 Sign Language (Prerecorded) - Understanding (Markdown link)"
"1.2.7-u-md","[Understanding SC 1.2.7 Extended Audio Description (Prerecorded)](https://www.w3.org/WAI/WCAG21/Understanding/extended-audio-description-prerecorded.html)","1.2.7 Extended Audio Description (Prerecorded) - Understanding (Markdown link)"
"1.2.8-u-md","[Understanding SC 1.2.8 Media Alternative (Prerecorded)](https://www.w3.org/WAI/WCAG21/Understanding/media-alternative-prerecorded.html)","1.2.8 Media Alternative (Prerecorded) - Understanding (Markdown link)"
"1.2.9-u-md","[Understanding SC 1.2.9 Audio-only (Live)](https://www.w3.org/WAI/WCAG21/Understanding/audio-only-live.html)","1.2.9 Audio-only (Live) - Understanding (Markdown link)"
"1.3.1-u-md","[Understanding SC 1.3.1 Info and Relationships](https://www.w3.org/WAI/WCAG21/Understanding/info-and-relationships.html)","1.3.1 Info and Relationships - Understanding (Markdown link)"
"1.3.2-u-md","[Understanding SC 1.3.2 Meaningful Sequence](https://www.w3.org/WAI/WCAG21/Understanding/meaningful-sequence.html)","1.3.2 Meaningful Sequence - Understanding (Markdown link)"
"1.3.3-u-md","[Understanding SC 1.3.3 Sensory Characteristics](https://www.w3.org/WAI/WCAG21/Understanding/sensory-characteristics.html)","1.3.3 Sensory Characteristics - Understanding (Markdown link)"
"1.3.4-u-md","[Understanding SC 1.3.4 Orientation](https://www.w3.org/WAI/WCAG21/Understanding/orientation.html)","1.3.4 Orientation - Understanding (Markdown link)"
"1.3.5-u-md","[Understanding SC 1.3.5 Identify Input Purpose](https://www.w3.org/WAI/WCAG21/Understanding/identify-input-purpose.html)","1.3.5 Identify Input Purpose - Understanding (Markdown link)"
"1.3.6-u-md","[Understanding SC 1.3.6 Identify Purpose](https://www.w3.org/WAI/WCAG21/Understanding/identify-purpose.html)","1.3.6 Identify Purpose - Understanding (Markdown link)"
"1.4.1-u-md","[Understanding SC 1.4.1 Use of Color](https://www.w3.org/WAI/WCAG21/Understanding/use-of-color.html)","1.4.1 Use of Color - Understanding (Markdown link)"
"1.4.2-u-md","[Understanding SC 1.4.2 Audio Control](https://www.w3.org/WAI/WCAG21/Understanding/audio-control.html)","1.4.2 Audio Control - Understanding (Markdown link)"
"1.4.3-u-md","[Understanding SC 1.4.3 Contrast (Minimum)](https://www.w3.org/WAI/WCAG21/Understanding/contrast-minimum.html)","1.4.3 Contrast (Minimum) - Understanding (Markdown link)"
"1.4.4-u-md","[Understanding SC 1.4.4 Resize Text](https://www.w3.org/WAI/WCAG21/Understanding/resize-text.html)","1.4.4 Resize Text - Understanding (Markdown link)"
"1.4.5-u-md","[Understanding SC 1.4.5 Images of Text](https://www.w3.org/WAI/WCAG21/Understanding/images-of-text.html)","1.4.5 Images of Text - Understanding (Markdown link)"
"1.4.6-u-md","[Understanding SC 1.4.6 Contrast (Enhanced)](https://www.w3.org/WAI/WCAG21/Understanding/contrast-enhanced.html)","1.4.6 Contrast (Enhanced) - Understanding (Markdown link)"
"1.4.7-u-md","[Understanding SC 1.4.7 Low or No Background Audio](https://www.w3.org/WAI/WCAG21/Understanding/low-or-no-background-audio.html)","1.4.7 Low or No Background Audio - Understanding (Markdown link)"
"1.4.8-u-md","[Understanding SC 1.4.8 Visual Presentation](https://www.w3.org/WAI/WCAG21/Understanding/visual-presentation.html)","1.4.8 Visual Presentation - Understanding (Markdown link)"
"1.4.9-u-md","[Understanding SC 1.4.9 Images of Text (No Exception)](https://www.w3.org/WAI/WCAG21/Understanding/images-of-text-no-exception.html)","1.4.9 Images of Text (No Exception) - Understanding (Markdown link)"
"1.4.10-u-md","[Understanding SC 1.4.10 Reflow](https://www.w3.org/WAI/WCAG21/Understanding/reflow.html)","1.4.10 Reflow - Understanding (Markdown link)"
"1.4.11-u-md","[Understanding SC 1.4.11 Non-text Contrast](https://www.w3.org/WAI/WCAG21/Understanding/non-text-contrast.html)","1.4.11 Non-text Contrast - Understanding (Markdown link)"
"1.4.12-u-md","[Understanding SC 1.4.12 Text Spacing](https://www.w3.org/WAI/WCAG21/Understanding/text-spacing.html)","1.4.12 Text Spacing - Understanding (Markdown link)"
"1.4.13-u-md","[Understanding SC 1.4.13 Content on Hover or Focus](https://www.w3.org/WAI/WCAG21/Understanding/content-on-hover-or-focus.html)","1.4.13 Content on Hover or Focus - Understanding (Markdown link)"
"2.1.1-u-md","[Understanding SC 2.1.1 Keyboard](https://www.w3.org/WAI/WCAG21/Understanding/keyboard.html)","2.1.1 Keyboard - Understanding (Markdown link)"
"2.1.2-u-md","[Understanding SC 2.1.2 No Keyboard Trap](https://www.w3.org/WAI/WCAG21/Understanding/no-keyboard-trap.html)","2.1.2 No Keyboard Trap - Understanding (Markdown link)"
"2.1.3-u-md","[Understanding SC 2.1.3 Keyboard (No Exception)](https://www.w3.org/WAI/WCAG21/Understanding/keyboard-no-exception.html)","2.1.3 Keyboard (No Exception) - Understanding (Markdown link)"
"2.1.4-u-md","[Understanding SC 2.1.4 Character Key Shortcuts](https://www.w3.org/WAI/WCAG21/Understanding/character-key-shortcuts.html)","2.1.4 Character Key Shortcuts - Understanding (Markdown link)"
"2.2.1-u-md","[Understanding SC 2.2.1 Timing Adjustable](https://www.w3.org/WAI/WCAG21/Understanding/timing-adjustable.html)","2.2.1 Timing Adjustable - Understanding (Markdown link)"
"2.2.2-u-md","[Understanding SC 2.2.2 Pause, Stop, Hide](https://www.w3.org/WAI/WCAG21/Understanding/pause-stop-hide.html)","2.2.2 Pause, Stop, Hide - Understanding (Markdown link)"
"2.2.3-u-md","[Understanding SC 2.2.3 No Timing](https://www.w3.org/WAI/WCAG21/Understanding/no-timing.html)","2.2.3 No Timing - Understanding (Markdown link)"
"2.2.4-u-md","[Understanding SC 2.2.4 Interruptions](https://www.w3.org/WAI/WCAG21/Understanding/interruptions.html)","2.2.4 Interruptions - Understanding (Markdown link)"
"2.2.5-u-md","[Understanding SC 2.2.5 Re-authenticating](https://www.w3.org/WAI/WCAG21/Understanding/re-authenticating.html)","2.2.5 Re-authenticating - Understanding (Markdown link)"
"2.2.6-u-md","[Understanding SC 2.2.6 Timeouts](https://www.w3.org/WAI/WCAG21/Understanding/timeouts.html)","2.2.6 Timeouts - Understanding (Markdown link)"
"2.3.1-u-md","[Understanding SC 2.3.1 Three Flashes or Below Threshold](https://www.w3.org/WAI/WCAG21/Understanding/three-flashes-or-below-threshold.html)","2.3.1 Three Flashes or Below Threshold - Understanding (Markdown link)"
"2.3.2-u-md","[Understanding SC 2.3.2 Three Flashes](https://www.w3.org/WAI/WCAG21/Understanding/three-flashes.html)","2.3.2 Three Flashes - Understanding (Markdown link)"
"2.3.3-u-md","[Understanding SC 2.3.3 Animation from Interactions](https://www.w3.org/WAI/WCAG21/Understanding/animation-from-interactions.html)","2.3.3 Animation from Interactions - Understanding (Markdown link)"
"2.4.1-u-md","[Understanding SC 2.4.1 Bypass Blocks](https://www.w3.org/WAI/WCAG21/Understanding/bypass-blocks.html)","2.4.1 Bypass Blocks - Understanding (Markdown link)"
"2.4.2-u-md","[Understanding SC 2.4.2 Page Titled](https://www.w3.org/WAI/WCAG21/Understanding/page-titled.html)","2.4.2 Page Titled - Understanding (Markdown link)"
"2.4.3-u-md","[Understanding SC 2.4.3 Focus Order](https://www.w3.org/WAI/WCAG21/Understanding/focus-order.html)","2.4.3 Focus Order - Understanding (Markdown link)"
"2.4.4-u-md","[Understanding SC 2.4.4 Link Purpose (In Context)](https://www.w3.org/WAI/WCAG21/Understanding/link-purpose-in-context.html)","2.4.4 Link Purpose (In Context) - Understanding (Markdown link)"
"2.4.5-u-md","[Understanding SC 2.4.5 Multiple Ways](https://www.w3.org/WAI/WCAG21/Understanding/multiple-ways.html)","2.4.5 Multiple Ways - Understanding (Markdown link)"
"2.4.6-u-md","[Understanding SC 2.4.6 Headings and Labels](https://www.w3.org/WAI/WCAG21/Understanding/headings-and-labels.html)","2.4.6 Headings and Labels - Understanding (Markdown link)"
"2.4.7-u-md","[Understanding SC 2.4.7 Focus Visible](https://www.w3.org/WAI/WCAG21/Understanding/focus-visible.html)","2.4.7 Focus Visible - Understanding (Markdown link)"
"2.4.8-u-md","[Understanding SC 2.4.8 Location](https://www.w3.org/WAI/WCAG21/Understanding/location.html)","2.4.8 Location - Understanding (Markdown link)"
"2.4.9-u-md","[Understanding SC 2.4.9 Link Purpose (Link Only)](https://www.w3.org/WAI/WCAG21/Understanding/link-purpose-link-only.html)","2.4.9 Link Purpose (Link Only) - Understanding (Markdown link)"
"2.4.10-u-md","[Understanding SC 2.4.10 Section Headings](https://www.w3.org/WAI/WCAG21/Understanding/section-headings.html)","2.4.10 Section Headings - Understanding (Markdown link)"
"2.5.1-u-md","[Understanding SC 2.5.1 Pointer Gestures](https://www.w3.org/WAI/WCAG21/Understanding/pointer-gestures.html)","2.5.1 Pointer Gestures - Understanding (Markdown link)"
"2.5.2-u-md","[Understanding SC 2.5.2 Pointer Cancellation](https://www.w3.org/WAI/WCAG21/Understanding/pointer-cancellation.html)","2.5.2 Pointer Cancellation - Understanding (Markdown link)"
"2.5.3-u-md","[Understanding SC 2.5.3 Label in Name](https://www.w3.org/WAI/WCAG21/Understanding/label-in-name.html)","2.5.3 Label in Name - Understanding (Markdown link)"
"2.5.4-u-md","[Understanding SC 2.5.4 Motion Actuation](https://www.w3.org/WAI/WCAG21/Understanding/motion-actuation.html)","2.5.4 Motion Actuation - Understanding (Markdown link)"
"2.5.5-u-md","[Understanding SC 2.5.5 Target Size](https://www.w3.org/WAI/WCAG21/Understanding/target-size.html)","2.5.5 Target Size - Understanding (Markdown link)"
"2.5.6-u-md","[Understanding SC 2.5.6 Concurrent Input Mechanisms](https://www.w3.org/WAI/WCAG21/Understanding/concurrent-input-mechanisms.html)","2.5.6 Concurrent Input Mechanisms - Understanding (Markdown link)"
"3.1.1-u-md","[Understanding SC 3.1.1 Language of Page](https://www.w3.org/WAI/WCAG21/Understanding/language-of-page.html)","3.1.1 Language of Page - Understanding (Markdown link)"
"3.1.2-u-md","[Understanding SC 3.1.2 Language of Parts](https://www.w3.org/WAI/WCAG21/Understanding/language-of-parts.html)","3.1.2 Language of Parts - Understanding (Markdown link)"
"3.1.3-u-md","[Understanding SC 3.1.3 Unusual Words](https://www.w3.org/WAI/WCAG21/Understanding/unusual-words.html)","3.1.3 Unusual Words - Understanding (Markdown link)"
"3.1.4-u-md","[Understanding SC 3.1.4 Abbreviations](https://www.w3.org/WAI/WCAG21/Understanding/abbreviations.html)","3.1.4 Abbreviations - Understanding (Markdown link)"
"3.1.5-u-md","[Understanding SC 3.1.5 Reading Level](https://www.w3.org/WAI/WCAG21/Understanding/reading-level.html)","3.1.5 Reading Level - Understanding (Markdown link)"
"3.1.6-u-md","[Understanding SC 3.1.6 Pronunciation](https://www.w3.org/WAI/WCAG21/Understanding/pronunciation.html)","3.1.6 Pronunciation - Understanding (Markdown link)"
"3.2.1-u-md","[Understanding SC 3.2.1 On Focus](https://www.w3.org/WAI/WCAG21/Understanding/on-focus.html)","3.2.1 On Focus - Understanding (Markdown link)"
"3.2.2-u-md","[Understanding SC 3.2.2 On Input](https://www.w3.org/WAI/WCAG21/Understanding/on-input.html)","3.2.2 On Input - Understanding (Markdown link)"
"3.2.3-u-md","[Understanding SC 3.2.3 Consistent Navigation](https://www.w3.org/WAI/WCAG21/Understanding/consistent-navigation.html)","3.2.3 Consistent Navigation - Understanding (Markdown link)"
"3.2.4-u-md","[Understanding SC 3.2.4 Consistent Identification](https://www.w3.org/WAI/WCAG21/Understanding/consistent-identification.html)","3.2.4 Consistent Identification - Understanding (Markdown link)"
"3.2.5-u-md","[Understanding SC 3.2.5 Change on Request](https://www.w3.org/WAI/WCAG21/Understanding/change-on-request.html)","3.2.5 Change on Request - Understanding (Markdown link)"
"3.3.1-u-md","[Understanding SC 3.3.1 Error Identification](https://www.w3.org/WAI/WCAG21/Understanding/error-identification.html)","3.3.1 Error Identification - Understanding (Markdown link)"
"3.3.2-u-md","[Understanding SC 3.3.2 Labels or Instructions](https://www.w3.org/WAI/WCAG21/Understanding/labels-or-instructions.html)","3.3.2 Labels or Instructions - Understanding (Markdown link)"
"3.3.3-u-md","[Understanding SC 3.3.3 Error Suggestion](https://www.w3.org/WAI/WCAG21/Understanding/error-suggestion.html)","3.3.3 Error Suggestion - Understanding (Markdown link)"
"3.3.4-u-md","[Understanding SC 3.3.4 Error Prevention (Legal, Financial, Data)](https://www.w3.org/WAI/WCAG21/Understanding/error-prevention-legal-financial-data.html)","3.3.4 Error Prevention (Legal, Financial, Data) - Understanding (Markdown link)"
"3.3.5-u-md","[Understanding SC 3.3.5 Help](https://www.w3.org/WAI/WCAG21/Understanding/help.html)","3.3.5 Help - Understanding (Markdown link)"
"3.3.6-u-md","[Understanding SC 3.3.6 Error Prevention (All)](https://www.w3.org/WAI/WCAG21/Understanding/error-prevention-all.html)","3.3.6 Error Prevention (All) - Understanding (Markdown link)"
"4.1.1-u-md","[Understanding SC 4.1.1 Parsing](https://www.w3.org/WAI/WCAG21/Understanding/parsing.html)","4.1.1 Parsing - Understanding (Markdown link)"
"4.1.2-u-md","[Understanding SC 4.1.2 Name, Role, Value](https://www.w3.org/WAI/WCAG21/Understanding/name-role-value.html)","4.1.2 Name, Role, Value - Understanding (Markdown link)"
"4.1.3-u-md","[Understanding SC 4.1.3 Status Messages](https://www.w3.org/WAI/WCAG21/Understanding/status-messages.html)","4.1.3 Status Messages - Understanding (Markdown link)"
