"1.1.1-h","<a href=\"https://www.w3.org/TR/WCAG22/#non-text-content\">SC 1.1.1 Non-text Content</a>","1.1.1 Non-text Content (Markdown link)"
"1.2.1-h","<a href=\"https://www.w3.org/TR/WCAG22/#audio-only-and-video-only-prerecorded\">SC 1.2.1 Audio-only and Video-only (Prerecorded)</a>","1.2.1 Audio-only and Video-only (Prerecorded) (Markdown link)"
"1.2.2-h","<a href=\"https://www.w3.org/TR/WCAG22/#captions-prerecorded\">SC 1.2.2 Captions (Prerecorded)</a>","1.2.2 Captions (Prerecorded) (Markdown link)"
"1.2.3-h","<a href=\"https://www.w3.org/TR/WCAG22/#audio-description-or-media-alternative-prerecorded\">SC 1.2.3 Audio Description or Media Alternative (Prerecorded)</a>","1.2.3 Audio Description or Media Alternative (Prerecorded) (Markdown link)"
"1.3.1-h","<a href=\"https://www.w3.org/TR/WCAG22/#info-and-relationships\">SC 1.3.1 Info and Relationships</a>","1.3.1 Info and Relationships (Markdown link)"
"1.3.2-h","<a href=\"https://www.w3.org/TR/WCAG22/#meaningful-sequence\">SC 1.3.2 Meaningful Sequence</a>","1.3.2 Meaningful Sequence (Markdown link)"
"1.3.3-h","<a href=\"https://www.w3.org/TR/WCAG22/#sensory-characteristics\">SC 1.3.3 Sensory Characteristics</a>","1.3.3 Sensory Characteristics (Markdown link)"
"1.4.1-h","<a href=\"https://www.w3.org/TR/WCAG22/#use-of-color\">SC 1.4.1 Use of Color</a>","1.4.1 Use of Color (Markdown link)"
"1.4.2-h","<a href=\"https://www.w3.org/TR/WCAG22/#audio-control\">SC 1.4.2 Audio Control</a>","1.4.2 Audio Control (Markdown link)"
"2.1.1-h","<a href=\"https://www.w3.org/TR/WCAG22/#keyboard\">SC 2.1.1 Keyboard</a>","2.1.1 Keyboard (Markdown link)"
"2.1.2-h","<a href=\"https://www.w3.org/TR/WCAG22/#no-keyboard-trap\">SC 2.1.2 No Keyboard Trap</a>","2.1.2 No Keyboard Trap (Markdown link)"
"2.1.4-h","<a href=\"https://www.w3.org/TR/WCAG22/#character-key-shortcuts\">SC 2.1.4 Character Key Shortcuts</a>","2.1.4 Character Key Shortcuts (Markdown link)"
"2.2.1-h","<a href=\"https://www.w3.org/TR/WCAG22/#timing-adjustable\">SC 2.2.1 Timing Adjustable</a>","2.2.1 Timing Adjustable (Markdown link)"
"2.2.2-h","<a href=\"https://www.w3.org/TR/WCAG22/#pause-stop-hide\">SC 2.2.2 Pause, Stop, Hide</a>","2.2.2 Pause, Stop, Hide (Markdown link)"
"2.3.1-h","<a href=\"https://www.w3.org/TR/WCAG22/#three-flashes-or-below-threshold\">SC 2.3.1 Three Flashes or Below Threshold</a>","2.3.1 Three Flashes or Below Threshold (Markdown link)"
"2.4.1-h","<a href=\"https://www.w3.org/TR/WCAG22/#bypass-blocks\">SC 2.4.1 Bypass Blocks</a>","2.4.1 Bypass Blocks (Markdown link)"
"2.4.2-h","<a href=\"https://www.w3.org/TR/WCAG22/#page-titled\">SC 2.4.2 Page Titled</a>","2.4.2 Page Titled (Markdown link)"
"2.4.3-h","<a href=\"https://www.w3.org/TR/WCAG22/#focus-order\">SC 2.4.3 Focus Order</a>","2.4.3 Focus Order (Markdown link)"
"2.4.4-h","<a href=\"https://www.w3.org/TR/WCAG22/#link-purpose-in-context\">SC 2.4.4 Link Purpose (In Context)</a>","2.4.4 Link Purpose (In Context) (Markdown link)"
"2.5.1-h","<a href=\"https://www.w3.org/TR/WCAG22/#pointer-gestures\">SC 2.5.1 Pointer Gestures</a>","2.5.1 Pointer Gestures (Markdown link)"
"2.5.2-h","<a href=\"https://www.w3.org/TR/WCAG22/#pointer-cancellation\">SC 2.5.2 Pointer Cancellation</a>","2.5.2 Pointer Cancellation (Markdown link)"
"2.5.3-h","<a href=\"https://www.w3.org/TR/WCAG22/#label-in-name\">SC 2.5.3 Label in Name</a>","2.5.3 Label in Name (Markdown link)"
"2.5.4-h","<a href=\"https://www.w3.org/TR/WCAG22/#motion-actuation\">SC 2.5.4 Motion Actuation</a>","2.5.4 Motion Actuation (Markdown link)"
"3.1.1-h","<a href=\"https://www.w3.org/TR/WCAG22/#language-of-page\">SC 3.1.1 Language of Page</a>","3.1.1 Language of Page (Markdown link)"
"3.2.1-h","<a href=\"https://www.w3.org/TR/WCAG22/#on-focus\">SC 3.2.1 On Focus</a>","3.2.1 On Focus (Markdown link)"
"3.2.2-h","<a href=\"https://www.w3.org/TR/WCAG22/#on-input\">SC 3.2.2 On Input</a>","3.2.2 On Input (Markdown link)"
"3.3.1-h","<a href=\"https://www.w3.org/TR/WCAG22/#error-identification\">SC 3.3.1 Error Identification</a>","3.3.1 Error Identification (Markdown link)"
"3.3.2-h","<a href=\"https://www.w3.org/TR/WCAG22/#labels-or-instructions\">SC 3.3.2 Labels or Instructions</a>","3.3.2 Labels or Instructions (Markdown link)"
"4.1.1-h","<a href=\"https://www.w3.org/TR/WCAG22/#parsing\">SC 4.1.1 Parsing</a>","4.1.1 Parsing (Markdown link)"
"4.1.2-h","<a href=\"https://www.w3.org/TR/WCAG22/#name-role-value\">SC 4.1.2 Name, Role, Value</a>","4.1.2 Name, Role, Value (Markdown link)"
"1.2.4-h","<a href=\"https://www.w3.org/TR/WCAG22/#captions-live\">SC 1.2.4 Captions (Live)</a>","1.2.4 Captions (Live) (Markdown link)"
"1.2.5-h","<a href=\"https://www.w3.org/TR/WCAG22/#audio-description-prerecorded\">SC 1.2.5 Audio Description (Prerecorded)</a>","1.2.5 Audio Description (Prerecorded) (Markdown link)"
"1.3.4-h","<a href=\"https://www.w3.org/TR/WCAG22/#orientation\">SC 1.3.4 Orientation</a>","1.3.4 Orientation (Markdown link)"
"1.3.5-h","<a href=\"https://www.w3.org/TR/WCAG22/#identify-input-purpose\">SC 1.3.5 Identify Input Purpose</a>","1.3.5 Identify Input Purpose (Markdown link)"
"1.4.3-h","<a href=\"https://www.w3.org/TR/WCAG22/#contrast-minimum\">SC 1.4.3 Contrast (Minimum)</a>","1.4.3 Contrast (Minimum) (Markdown link)"
"1.4.4-h","<a href=\"https://www.w3.org/TR/WCAG22/#resize-text\">SC 1.4.4 Resize Text</a>","1.4.4 Resize Text (Markdown link)"
"1.4.5-h","<a href=\"https://www.w3.org/TR/WCAG22/#images-of-text\">SC 1.4.5 Images of Text</a>","1.4.5 Images of Text (Markdown link)"
"1.4.10-h","<a href=\"https://www.w3.org/TR/WCAG22/#reflow\">SC 1.4.10 Reflow</a>","1.4.10 Reflow (Markdown link)"
"1.4.11-h","<a href=\"https://www.w3.org/TR/WCAG22/#non-text-contrast\">SC 1.4.11 Non-text Contrast</a>","1.4.11 Non-text Contrast (Markdown link)"
"1.4.12-h","<a href=\"https://www.w3.org/TR/WCAG22/#text-spacing\">SC 1.4.12 Text Spacing</a>","1.4.12 Text Spacing (Markdown link)"
"1.4.13-h","<a href=\"https://www.w3.org/TR/WCAG22/#content-on-hover-or-focus\">SC 1.4.13 Content on Hover or Focus</a>","1.4.13 Content on Hover or Focus (Markdown link)"
"2.4.5-h","<a href=\"https://www.w3.org/TR/WCAG22/#multiple-ways\">SC 2.4.5 Multiple Ways</a>","2.4.5 Multiple Ways (Markdown link)"
"2.4.6-h","<a href=\"https://www.w3.org/TR/WCAG22/#headings-and-labels\">SC 2.4.6 Headings and Labels</a>","2.4.6 Headings and Labels (Markdown link)"
"2.4.7-h","<a href=\"https://www.w3.org/TR/WCAG22/#focus-visible\">SC 2.4.7 Focus Visible</a>","2.4.7 Focus Visible (Markdown link)"
"3.1.2-h","<a href=\"https://www.w3.org/TR/WCAG22/#language-of-parts\">SC 3.1.2 Language of Parts</a>","3.1.2 Language of Parts (Markdown link)"
"3.2.3-h","<a href=\"https://www.w3.org/TR/WCAG22/#consistent-navigation\">SC 3.2.3 Consistent Navigation</a>","3.2.3 Consistent Navigation (Markdown link)"
"3.2.4-h","<a href=\"https://www.w3.org/TR/WCAG22/#consistent-identification\">SC 3.2.4 Consistent Identification</a>","3.2.4 Consistent Identification (Markdown link)"
"3.3.3-h","<a href=\"https://www.w3.org/TR/WCAG22/#error-suggestion\">SC 3.3.3 Error Suggestion</a>","3.3.3 Error Suggestion (Markdown link)"
"3.3.4-h","<a href=\"https://www.w3.org/TR/WCAG22/#error-prevention-legal-financial-data\">SC 3.3.4 Error Prevention (Legal, Financial, Data)</a>","3.3.4 Error Prevention (Legal, Financial, Data) (Markdown link)"
"4.1.3-h","<a href=\"https://www.w3.org/TR/WCAG22/#status-messages\">SC 4.1.3 Status Messages</a>","4.1.3 Status Messages (Markdown link)"
"1.2.6-h","<a href=\"https://www.w3.org/TR/WCAG22/#sign-language-prerecorded\">SC 1.2.6 Sign Language (Prerecorded)</a>","1.2.6 Sign Language (Prerecorded) (Markdown link)"
"1.2.7-h","<a href=\"https://www.w3.org/TR/WCAG22/#extended-audio-description-prerecorded\">SC 1.2.7 Extended Audio Description (Prerecorded)</a>","1.2.7 Extended Audio Description (Prerecorded) (Markdown link)"
"1.2.8-h","<a href=\"https://www.w3.org/TR/WCAG22/#media-alternative-prerecorded\">SC 1.2.8 Media Alternative (Prerecorded)</a>","1.2.8 Media Alternative (Prerecorded) (Markdown link)"
"1.2.9-h","<a href=\"https://www.w3.org/TR/WCAG22/#audio-only-live\">SC 1.2.9 Audio-only (Live)</a>","1.2.9 Audio-only (Live) (Markdown link)"
"1.3.6-h","<a href=\"https://www.w3.org/TR/WCAG22/#identify-purpose\">SC 1.3.6 Identify Purpose</a>","1.3.6 Identify Purpose (Markdown link)"
"1.4.6-h","<a href=\"https://www.w3.org/TR/WCAG22/#contrast-enhanced\">SC 1.4.6 Contrast (Enhanced)</a>","1.4.6 Contrast (Enhanced) (Markdown link)"
"1.4.7-h","<a href=\"https://www.w3.org/TR/WCAG22/#low-or-no-background-audio\">SC 1.4.7 Low or No Background Audio</a>","1.4.7 Low or No Background Audio (Markdown link)"
"1.4.8-h","<a href=\"https://www.w3.org/TR/WCAG22/#visual-presentation\">SC 1.4.8 Visual Presentation</a>","1.4.8 Visual Presentation (Markdown link)"
"1.4.9-h","<a href=\"https://www.w3.org/TR/WCAG22/#images-of-text-no-exception\">SC 1.4.9 Images of Text (No Exception)</a>","1.4.9 Images of Text (No Exception) (Markdown link)"
"2.1.3-h","<a href=\"https://www.w3.org/TR/WCAG22/#keyboard-no-exception\">SC 2.1.3 Keyboard (No Exception)</a>","2.1.3 Keyboard (No Exception) (Markdown link)"
"2.2.3-h","<a href=\"https://www.w3.org/TR/WCAG22/#no-timing\">SC 2.2.3 No Timing</a>","2.2.3 No Timing (Markdown link)"
"2.2.4-h","<a href=\"https://www.w3.org/TR/WCAG22/#interruptions\">SC 2.2.4 Interruptions</a>","2.2.4 Interruptions (Markdown link)"
"2.2.5-h","<a href=\"https://www.w3.org/TR/WCAG22/#re-authenticating\">SC 2.2.5 Re-authenticating</a>","2.2.5 Re-authenticating (Markdown link)"
"2.2.6-h","<a href=\"https://www.w3.org/TR/WCAG22/#timeouts\">SC 2.2.6 Timeouts</a>","2.2.6 Timeouts (Markdown link)"
"2.3.2-h","<a href=\"https://www.w3.org/TR/WCAG22/#three-flashes\">SC 2.3.2 Three Flashes</a>","2.3.2 Three Flashes (Markdown link)"
"2.3.3-h","<a href=\"https://www.w3.org/TR/WCAG22/#animation-from-interactions\">SC 2.3.3 Animation from Interactions</a>","2.3.3 Animation from Interactions (Markdown link)"
"2.4.8-h","<a href=\"https://www.w3.org/TR/WCAG22/#location\">SC 2.4.8 Location</a>","2.4.8 Location (Markdown link)"
"2.4.9-h","<a href=\"https://www.w3.org/TR/WCAG22/#link-purpose-link-only\">SC 2.4.9 Link Purpose (Link Only)</a>","2.4.9 Link Purpose (Link Only) (Markdown link)"
"2.4.10-h","<a href=\"https://www.w3.org/TR/WCAG22/#section-headings\">SC 2.4.10 Section Headings</a>","2.4.10 Section Headings (Markdown link)"
"2.5.5-h","<a href=\"https://www.w3.org/TR/WCAG22/#target-size\">SC 2.5.5 Target Size</a>","2.5.5 Target Size (Markdown link)"
"2.5.6-h","<a href=\"https://www.w3.org/TR/WCAG22/#concurrent-input-mechanisms\">SC 2.5.6 Concurrent Input Mechanisms</a>","2.5.6 Concurrent Input Mechanisms (Markdown link)"
"3.1.3-h","<a href=\"https://www.w3.org/TR/WCAG22/#unusual-words\">SC 3.1.3 Unusual Words</a>","3.1.3 Unusual Words (Markdown link)"
"3.1.4-h","<a href=\"https://www.w3.org/TR/WCAG22/#abbreviations\">SC 3.1.4 Abbreviations</a>","3.1.4 Abbreviations (Markdown link)"
"3.1.5-h","<a href=\"https://www.w3.org/TR/WCAG22/#reading-level\">SC 3.1.5 Reading Level</a>","3.1.5 Reading Level (Markdown link)"
"3.1.6-h","<a href=\"https://www.w3.org/TR/WCAG22/#pronunciation\">SC 3.1.6 Pronunciation</a>","3.1.6 Pronunciation (Markdown link)"
"3.2.5-h","<a href=\"https://www.w3.org/TR/WCAG22/#change-on-request\">SC 3.2.5 Change on Request</a>","3.2.5 Change on Request (Markdown link)"
"3.3.5-h","<a href=\"https://www.w3.org/TR/WCAG22/#help\">SC 3.3.5 Help</a>","3.3.5 Help (Markdown link)"
"3.3.6-h","<a href=\"https://www.w3.org/TR/WCAG22/#error-prevention-all\">SC 3.3.6 Error Prevention (All)</a>","3.3.6 Error Prevention (All) (Markdown link)"
